DOI_data_paper,DOI
10.1163/24523666-01000006,10.1093/esr/jcaa031
10.1163/24523666-01000013,10.1007/978-3-030-46493-6
10.1163/24523666-01000010,10.1080/01615440.2015.1026009
10.1163/24523666-00502008,10.18146/2213-7653.2018.369
10.1163/24523666-00502008,10.1080/17411548.2021.1930974
10.1163/24523666-bja10013,10.1080/19475020.2017.1315315
10.1163/24523666-bja10019,10.1017/ssh.2020.13
10.1163/24523666-bja10017,10.3828/msmi.2020.4
10.1163/24523666-bja10009,10.1007/978-3-030-27508-2_2